Demographic and Geographic Data,,,,,,,,,,,,Summary Data ,,,,,,,,,,,,,,,,,,,,,,,Renewable Power Data,,,,,,,,,,,,,,,,,,,,,,,,,,,,,,,,,,,,,,,,,,,,,,,,,,Renewable (Biofuel)  Fuel Data,,,,,,,,,,,,,,,,,,,,,,,,,,,,,,,,,,,,,Dispensing Data,
FIPS2,State ,STATE_NAME,State,COUNTY,County Type,"Historical Political Leaning (Red and Blue = 60% or more, other = Purple) - over 20 years",In an RPS State?,% Democratic Voting,County Continuum Code,Population,Total Land Area (sq mi),Average per Capita  State Total Electricty Consumed in MWH per person in 2022,Non Nuclear Renewables MWH Produced per Resident per year,Ratio of RE to Energy Consumed per capita per year,MW of Installed Renewable Power Capacity per Acre,Estimated Total County Electricity Consumed in MWH (2022),Estimated Renewable MWH Generated  per Year,Total Renewables Installed Capacity  (MWH) ,County Renewables Capacity Factor,Sq Miles per RP Asset/Site ,Total # of RP Types in County (of 15),Total Liquid Biofuels Production in barrels,2022 Per Capita Petroleum Product Consumption (in barrels),Est County Petroleum Consumption in 2022 (barrels),Ratio of Produced Liquid Biofuels to Consumed Petroleum Products ,Total # of Solid Biofuel Production Facitlities,Total # of Gaseous Biofuel Production Facilities,Total # of Biofuels Production Facilities,# of Types of Biofuel Facilities,2022 Per Capita NG Consumed (mcf),Est 2022 NG Consumed (mcf),Coal Production (2022 in thousand short tons),2022 Oil Production in Barrels,2022 NG Production (MCF),Installed Capacity of Battery Projects/Assets/ Sites (MW),Estimated MWh per year (5.7% Battery Capacity Factor per NREL ATB 2024),Installed Capacity of Conventional Hydro Projects/Assets/Sites (MW),Estimated MWh per year (34.2% CF),Installed Capacity of Flywheel Projects/Assets / Sites (MW),Installed Capacity of Geothermal Projects/Assets / Sites (MW),Estimated Geothermal MWh per year (70%),Installed Capacity of Hydroelectric Pumped Storage Projects/Assets/Sites (MW),Estimated MWh per year (@ 12.5% usage),Installed Capacity of Landfill Gas Projects/Assets/Sites (MW),Estimated LFG power in MWh per year (72% CF),Installed Capacity of MSW Projects/Assets/Sites (MW),Estimated MSW power in MWh per year (72%),Installed Capacity of Offshore Wind Projects/Assets/Sites (MW),Est. Offshore Wind Power in MWH per year (44% CF),Installed Capacity of Onshore Wind Projects/Assets/Sites (MW),Est Onshore Wind Power in MWh per year (35% CF),Installed Capacity of Other Waste Biomass Projects/Assets/Sites (MW),Est Other Waste Biomass Power in MWH per year (72% CF),Installed Capacity of RNG Digester Projects/Assets/Sites (MW),Est Power produced by RNG Digester in MWH per year ,Installed Capacity of Solar PV Projects/Assets/Sites (MW),Est Solar PV Generation MWh per year (23.3% CF),Installed Capacity of Solar Thermal with Energy Storage Projects/Assets/Sites (MW),Est Power Generation from Solar Thermal w ES in MWH (45% CF),Installed Capacity of Solar Thermal w/out Energy Storage Projects/Assets/Sites,Est Solar Thermal w/out ES in MWH per year (25% CF),Installed Capacity of Wood/Waste Biomass in MW Projects/Assets/Sites,Est Power Generation of Wood Biomass in MWH per year (53.8% CF),Estimated Produced MWH of Renewable Power (MWH),Total Renewables Installed Capacity  (MWH) ,County Renewables Capacity Factor,# of Battery Projects/Assets/Sites,# of Conventional Hydro Projects/Assets/Sites,# of Flywheel Projects/Assets / Sites,# of Geothermal Projects/Assets / Sites,# of Hydroelectric Pumped Storage Projects/Assets/Sites,# of Landfill Gas Projects/Assets/Sites,# of MSW Projects/Assets/Sites,# of Offshore Wind Projects/Assets/Sites,# of Onshore Wind Projects/Assets/Sites,# of Other Waste Biomass Projects/Assets/Sites,# of RNG Digester Projects/Assets/Sites,# of Solar PV Projects/Assets/Sites,# of Solar Thermal with Energy Storage Projects/Assets/Sites,# of Solar Thermal without Energy Storage Projects/Assets/Sites,# of Wood/Waste Biomass Projects/Assets/Sites,Total # of Renewable Power Projects/Assets/Sites,Sq Miles per RP Asset/Site ,Total # of RP Types in County (of 15),# of Plants Producing Densified Biomass (tons/yr),# of Plants Producting Alternative Jet Fuel (mmgal / yr),# of Plants Producing Biodiesel (mmgal /yr),# of Plants Producing Ethanol (mmgal/yr),# of Plants Producing Liquid Hydrogen (tons/yr),# of Plants Producing Renewable Diesel (mmgal / yr),# of Plants Producing Renewable Gasoline (mmgal  / yr),# of Plants Producing Renewable Naptha (mmgal / yr),# of Type of Liquid Biofuel Plants, Alternative Jet Fuel Production Capacity (mmgal / yr), Biodiesel Production Capacity (mmgal /yr), Densified Biomass Production Capacity (tons/yr), Ethanol Production Capacity (mmgal/yr), Liquid Hydrogen Production Capacity (tons/yr), Renewable Diesel Production Capacity (mmgal / yr), Renewable Gasoline Production Capacity (mmgal  / yr), Renewable Naptha Production Capacity (mmgal / yr),Total Liquid Biofuels Production (not Liquid Hydrogen or Densified Biomass),Total Liquid Biofuel Production in Barrels (in million barrels) ,Total Liquid Biofuels Production in barrels,2022 Per Capita Petroleum Product Consumption (in barrels),Est County Petroleum Consumption in 2022 (barrels),Ratio of Produced Liquid Biofuels to Consumed Petroleum Products ,Total Solids Biofuels Production (tons / yr),# of Dairy Manure Biogas Facilities,# of Swine Manure Biogas Facilities,# of Chicken Manure Biogas Facilities,# of Food Waste Biogas Facilities,# of Wastewater Treatment Biogas Facilities,# of Landfill Biogas Facilities,# of Types of RNG Facilities,Total # of Liquid Biofuel Producing Facilities,Total # of Solid Biofuel Production Facitlities,Total # of Gaseous Biofuel Production Facilities,Total # of Biofuels Production Facilities,# of Types of Biofuel Facilities,2022 Per Capita NG Consumed (mcf),Total # of Alternative Fuel Dispensing Points,Total # of Electricity (Charging) Dispensing Points
55001,WI,Wisconsin,Wisconsin,Adams,"Nonmetro - Urban population of fewer than 5,000, adjacent to a metro area",PURPLE,Yes,48%,8," 20,654 ", 646 ,12,2,18%,0," 244,998 "," 44,939 ", 15 , 0 , 129 , 1 , -   , 18 ," 377,968 ", -   , -   , -   , -   , -   , 101 ," 2,083,989 ",,0,0, -   , -   , 15 ," 44,939 ", -   , -   , -   , -   , -   , -   , -   , -   , -   , -   , -   , -   , -   , -   , -   , -   , -   , -   , -   , -   , -   , -   , -   , -   , -   ," 44,939 ", 15 ,34%,0,5,0,0,0,0,0,0,0,0,0,0,0,0,0,5,129,1,0,0,0,0,0,0,0,0,0,0,0,0,0,0,0,0,0,0, -   , -   ,18.3," 377,968 ",0%, -   , -   , -   , -   , -   , -   , -   , -   , -   , -   , -   , -   , -   , 101 , -   , -   
55003,WI,Wisconsin,Wisconsin,Ashland,"Nonmetro - Urban population of 5,000 to 20,000, not adjacent to a metro area",BLUE,Yes,60%,7," 16,027 "," 1,045 ",12,6,51%,0," 190,112 "," 96,995 ", 21 , 0 , 348 , 2 , -   , 18 ," 293,294 ", -   , 1 , -   , 1 , -   , 101 ," 1,617,124 ",,0,0, -   , -   , 1 ," 2,996 ", -   , -   , -   , -   , -   , -   , -   , -   , -   , -   , -   , -   , -   , -   , -   , -   , -   , -   , -   , -   , -   , -   , -   , 20 ," 93,999 "," 96,995 ", 21 ,2%,0,2,0,0,0,0,0,0,0,0,0,0,0,0,1,3,348,2,0,0,0,0,0,0,0,0,0,0,0,0,0,0,0,0,0,0, -   , -   ,18.3," 293,294 ",0%, -   , -   , -   , -   , -   , -   , -   , -   , -   , 1 , -   , 1 , -   , 101 , 5 , 6 
55005,WI,Wisconsin,Wisconsin,Barron,"Nonmetro - Urban population of 5,000 to 20,000, adjacent to a metro area",PURPLE,Yes,44%,6," 46,711 ", 863 ,12,0,3%,0," 554,086 "," 19,282 ", 9 , 0 , 216 , 2 , -   , 18 ," 854,811 ", -   , -   , -   , -   , -   , 101 ," 4,713,140 ",,0,0, -   , -   , 0 , 300 , -   , -   , -   , -   , -   , -   , -   , -   , -   , -   , -   , -   , -   , -   , -   , -   , -   , 9 ," 18,982 ", -   , -   , -   , -   , -   , -   ," 19,282 ", 9 ,23%,0,1,0,0,0,0,0,0,0,0,0,3,0,0,0,4,216,2,0,0,0,0,0,0,0,0,0,0,0,0,0,0,0,0,0,0, -   , -   ,18.3," 854,811 ",0%, -   , -   , -   , -   , -   , -   , -   , -   , -   , -   , -   , -   , -   , 101 , 3 , 5 
55007,WI,Wisconsin,Wisconsin,Bayfield,"Nonmetro - Urban population of fewer than 5,000, adjacent to a metro area",PURPLE,Yes,58%,8," 16,220 "," 1,478 ",12,0,0%,0," 192,402 ", -   , -   , -   , -   , -   , -   , 18 ," 296,826 ", -   , -   , 1 , 1 , 1 , 101 ," 1,636,598 ",,0,0, -   , -   , -   , -   , -   , -   , -   , -   , -   , -   , -   , -   , -   , -   , -   , -   , -   , -   , -   , -   , -   , -   , -   , -   , -   , -   , -   , -   , -   , -   , -   ,0%,0,0,0,0,0,0,0,0,0,0,0,0,0,0,0,0,0,0,0,0,0,0,0,0,0,0,0,0,0,0,0,0,0,0,0,0, -   , -   ,18.3," 296,826 ",0%, -   , -   , -   , -   , -   , 1 , -   , 1 , -   , -   , 1 , 1 , 1 , 101 , -   , 8 
55009,WI,Wisconsin,Wisconsin,Brown,"Metro - Counties in metro areas of 250,000 to 1 million population",PURPLE,Yes,47%,2," 268,740 ", 530 ,12,0,2%,0," 3,187,794 "," 70,150 ", 21 , 0 , 177 , 2 , -   , 18 ," 4,917,942 ", -   , 1 , -   , 1 , -   , 101 ," 27,115,866 ",,0,0, -   , -   , -   , -   , -   , -   , -   , -   , -   , -   , -   , -   , -   , -   , -   , 20 ," 61,320 ", 1 ," 8,830 ", -   , -   , -   , -   , -   , -   , -   , -   , -   , -   ," 70,150 ", 21 ,37%,0,0,0,0,0,0,0,0,1,2,0,0,0,0,0,3,177,2,0,0,0,0,0,0,0,0,0,0,0,0,0,0,0,0,0,0, -   , -   ,18.3," 4,917,942 ",0%, -   , -   , -   , -   , -   , -   , -   , -   , -   , 1 , -   , 1 , -   , 101 , 14 , 51 
55011,WI,Wisconsin,Wisconsin,Buffalo,"Nonmetro - Urban population of fewer than 5,000, adjacent to a metro area",PURPLE,Yes,47%,8," 13,317 ", 676 ,12,0,4%,0," 157,966 "," 6,123 ", 3 , 0 , 676 , 1 , -   , 18 ," 243,701 ", -   , -   , -   , -   , -   , 101 ," 1,343,685 ",,0,0, -   , -   , -   , -   , -   , -   , -   , -   , -   , -   , -   , -   , -   , -   , -   , -   , -   , -   , -   , -   , -   , 3 ," 6,123 ", -   , -   , -   , -   , -   , -   ," 6,123 ", 3 ,23%,0,0,0,0,0,0,0,0,0,0,0,1,0,0,0,1,676,1,0,0,0,0,0,0,0,0,0,0,0,0,0,0,0,0,0,0, -   , -   ,18.3," 243,701 ",0%, -   , -   , -   , -   , -   , -   , -   , -   , -   , -   , -   , -   , -   , 101 , -   , -   
55013,WI,Wisconsin,Wisconsin,Burnett,"Nonmetro - Urban population of fewer than 5,000, adjacent to a metro area",PURPLE,Yes,43%,8," 16,526 ", 822 ,12,0,3%,0," 196,031 "," 6,591 ", 2 , 0 , 137 , 1 , -   , 18 ," 302,426 ", -   , -   , -   , -   , -   , 101 ," 1,667,473 ",,0,0, -   , -   , 2 ," 6,591 ", -   , -   , -   , -   , -   , -   , -   , -   , -   , -   , -   , -   , -   , -   , -   , -   , -   , -   , -   , -   , -   , -   , -   , -   , -   ," 6,591 ", 2 ,34%,0,6,0,0,0,0,0,0,0,0,0,0,0,0,0,6,137,1,0,0,0,0,0,0,0,0,0,0,0,0,0,0,0,0,0,0, -   , -   ,18.3," 302,426 ",0%, -   , -   , -   , -   , -   , -   , -   , -   , -   , -   , -   , -   , -   , 101 , -   , 2 
55015,WI,Wisconsin,Wisconsin,Calumet,"Metro - Counties in metro areas of fewer than 250,000 population",PURPLE,Yes,42%,3," 52,442 ", 318 ,12,0,0%,0," 622,067 ", -   , -   , -   , -   , -   , -   , 18 ," 959,689 ", -   , -   , -   , -   , -   , 101 ," 5,291,398 ",,0,0, -   , -   , -   , -   , -   , -   , -   , -   , -   , -   , -   , -   , -   , -   , -   , -   , -   , -   , -   , -   , -   , -   , -   , -   , -   , -   , -   , -   , -   , -   , -   ,0%,0,0,0,0,0,0,0,0,0,0,0,0,0,0,0,0,0,0,0,0,0,0,0,0,0,0,0,0,0,0,0,0,0,0,0,0, -   , -   ,18.3," 959,689 ",0%, -   , -   , -   , -   , -   , -   , -   , -   , -   , -   , -   , -   , -   , 101 , 1 , 2 
55017,WI,Wisconsin,Wisconsin,Chippewa,"Metro - Counties in metro areas of fewer than 250,000 population",PURPLE,Yes,45%,3," 66,297 "," 1,008 ",12,9,73%,0," 786,415 "," 576,369 ", 194 , 0 , 42 , 2 ," 1,238,095 ", 18 ," 1,213,235 ", 1 , -   , -   , -   , 1 , 101 ," 6,689,367 ",,0,0, -   , -   , 190 ," 569,225 ", -   , -   , -   , -   , -   , -   , -   , -   , -   , -   , -   , -   , -   , -   , -   , -   , -   , 4 ," 7,144 ", -   , -   , -   , -   , -   , -   ," 576,369 ", 194 ,34%,0,22,0,0,0,0,0,0,0,0,0,2,0,0,0,24,42,2,0,0,0,1,0,0,0,0,1,0,0,0,52,0,0,0,0,52, 1.2 ," 1,238,095.2 ",18.3," 1,213,235 ",0%, -   , -   , -   , -   , -   , -   , -   , -   , -   , -   , -   , -   , 1 , 101 , 2 , 9 
55019,WI,Wisconsin,Wisconsin,Clark,"Nonmetro - Urban population of fewer than 5,000, adjacent to a metro area",PURPLE,Yes,41%,8," 34,659 "," 1,210 ",12,0,3%,0," 411,125 "," 12,614 ", 2 , 1 , 605 , 1 , -   , 18 ," 634,260 ", -   , -   , -   , -   , -   , 101 ," 3,497,093 ",,0,0, -   , -   , -   , -   , -   , -   , -   , -   , -   , -   , -   , -   , -   , -   , -   , -   , -   , -   , -   , 2 ," 12,614 ", -   , -   , -   , -   , -   , -   , -   , -   ," 12,614 ", 2 ,72%,0,0,0,0,0,0,0,0,0,0,2,0,0,0,0,2,605,1,0,0,0,0,0,0,0,0,0,0,0,0,0,0,0,0,0,0, -   , -   ,18.3," 634,260 ",0%, -   , -   , -   , -   , -   , -   , -   , -   , -   , -   , -   , -   , -   , 101 , 2 , 2 
55021,WI,Wisconsin,Wisconsin,Columbia,"Metro - Counties in metro areas of 250,000 to 1 million population",PURPLE,Yes,51%,2," 58,490 ", 766 ,12,9,76%,0," 693,808 "," 528,249 ", 177 , 0 , 128 , 3 ," 1,488,095 ", 18 ," 1,070,367 ", 1 , -   , -   , -   , 1 , 101 ," 5,901,641 ",,0,0, 5 ," 2,497 ", 10 ," 29,060 ", -   , -   , -   , -   , -   , -   , -   , -   , -   , -   , -   , 162 ," 496,692 ", -   , -   , -   , -   , -   , -   , -   , -   , -   , -   , -   , -   ," 528,249 ", 177 ,34%,1,4,0,0,0,0,0,0,1,0,0,0,0,0,0,6,128,3,0,0,0,1,0,0,0,0,1,0,0,0,62.5,0,0,0,0,62.5, 1.5 ," 1,488,095.2 ",18.3," 1,070,367 ",0%, -   , -   , -   , -   , -   , -   , -   , -   , -   , -   , -   , -   , 1 , 101 , 4 , 5 
55023,WI,Wisconsin,Wisconsin,Crawford,"Nonmetro - Urban population of 5,000 to 20,000, adjacent to a metro area",PURPLE,Yes,53%,6," 16,113 ", 571 ,12,0,0%,0," 191,132 ", -   , -   , -   , -   , -   , -   , 18 ," 294,868 ", -   , -   , -   , -   , -   , 101 ," 1,625,802 ",,0,0, -   , -   , -   , -   , -   , -   , -   , -   , -   , -   , -   , -   , -   , -   , -   , -   , -   , -   , -   , -   , -   , -   , -   , -   , -   , -   , -   , -   , -   , -   , -   ,0%,0,0,0,0,0,0,0,0,0,0,0,0,0,0,0,0,0,0,0,0,0,0,0,0,0,0,0,0,0,0,0,0,0,0,0,0, -   , -   ,18.3," 294,868 ",0%, -   , -   , -   , -   , -   , -   , -   , -   , -   , -   , -   , -   , -   , 101 , 2 , 8 
55025,WI,Wisconsin,Wisconsin,Dane,"Metro - Counties in metro areas of 250,000 to 1 million population",BLUE,Yes,70%,2," 561,504 "," 1,196 ",12,0,2%,0," 6,660,560 "," 139,273 ", 61 , 0 , 109 , 4 ," 666,667 ", 18 ," 10,275,523 ", 0 , -   , -   , -   , 1 , 101 ," 56,655,754 ",,0,0, 0 , 150 , -   , -   , -   , -   , -   , -   , -   , -   , -   , -   , -   , -   , -   , 10 ," 30,353 ", -   , -   , 1 ," 6,307 ", 50 ," 102,462 ", -   , -   , -   , -   , -   , -   ," 139,273 ", 61 ,26%,1,0,0,0,0,0,0,0,1,0,1,8,0,0,0,11,109,4,0,0,1,0,0,0,0,0,1,0,28,0,0,0,0,0,0,28, 0.7 ," 666,666.7 ",18.3," 10,275,523 ",0%, -   , -   , -   , -   , -   , -   , -   , -   , -   , -   , -   , -   , 1 , 101 , 34 , 300 
55027,WI,Wisconsin,Wisconsin,Dodge,"Nonmetro - Urban population of 20,000 or more, adjacent to a metro area",RED,Yes,38%,4," 89,396 ", 876 ,12,6,54%,0," 1,060,415 "," 567,385 ", 184 , 0 , 219 , 2 , -   , 18 ," 1,635,947 ", -   , -   , -   , -   , -   , 101 ," 9,020,056 ",,0,0, -   , -   , -   , -   , -   , -   , -   , -   , -   , -   , -   , -   , -   , -   , -   , 183 ," 561,078 ", -   , -   , 1 ," 6,307 ", -   , -   , -   , -   , -   , -   , -   , -   ," 567,385 ", 184 ,35%,0,0,0,0,0,0,0,0,3,0,1,0,0,0,0,4,219,2,0,0,0,0,0,0,0,0,0,0,0,0,0,0,0,0,0,0, -   , -   ,18.3," 1,635,947 ",0%, -   , -   , -   , -   , -   , -   , -   , -   , -   , -   , -   , -   , -   , 101 , 6 , 10 
55029,WI,Wisconsin,Wisconsin,Door,"Nonmetro - Urban population of 5,000 to 20,000, adjacent to a metro area",PURPLE,Yes,50%,6," 30,066 ", 482 ,12,0,0%,0," 356,643 ", -   , -   , -   , -   , -   , -   , 18 ," 550,208 ", -   , -   , -   , -   , -   , 101 ," 3,033,659 ",,0,0, -   , -   , -   , -   , -   , -   , -   , -   , -   , -   , -   , -   , -   , -   , -   , -   , -   , -   , -   , -   , -   , -   , -   , -   , -   , -   , -   , -   , -   , -   , -   ,0%,0,0,0,0,0,0,0,0,0,0,0,0,0,0,0,0,0,0,0,0,0,0,0,0,0,0,0,0,0,0,0,0,0,0,0,0, -   , -   ,18.3," 550,208 ",0%, -   , -   , -   , -   , -   , -   , -   , -   , -   , -   , -   , -   , -   , 101 , -   , 50 
55031,WI,Wisconsin,Wisconsin,Douglas,"Metro - Counties in metro areas of 250,000 to 1 million population",BLUE,Yes,61%,2," 44,295 "," 1,304 ",12,0,0%,0," 525,427 ", -   , -   , -   , -   , -   , -   , 18 ," 810,599 ", -   , -   , -   , -   , -   , 101 ," 4,469,366 ",,0,0, -   , -   , -   , -   , -   , -   , -   , -   , -   , -   , -   , -   , -   , -   , -   , -   , -   , -   , -   , -   , -   , -   , -   , -   , -   , -   , -   , -   , -   , -   , -   ,0%,0,0,0,0,0,0,0,0,0,0,0,0,0,0,0,0,0,0,0,0,0,0,0,0,0,0,0,0,0,0,0,0,0,0,0,0, -   , -   ,18.3," 810,599 ",0%, -   , -   , -   , -   , -   , -   , -   , -   , -   , -   , -   , -   , -   , 101 , 9 , -   
55033,WI,Wisconsin,Wisconsin,Dunn,"Nonmetro - Urban population of 5,000 to 20,000, adjacent to a metro area",PURPLE,Yes,48%,6," 45,440 ", 850 ,12,1,8%,0," 539,009 "," 42,502 ", 13 , 0 , 121 , 3 ," 1,666,667 ", 18 ," 831,552 ", 2 , -   , -   , -   , 1 , 101 ," 4,584,896 ",,0,0, -   , -   , 11 ," 34,153 ", -   , -   , -   , -   , -   , -   , -   , -   , -   , -   , -   , -   , -   , -   , -   , 1 ," 6,307 ", 1 ," 2,041 ", -   , -   , -   , -   , -   , -   ," 42,502 ", 13 ,36%,0,5,0,0,0,0,0,0,0,0,1,1,0,0,0,7,121,3,0,0,0,1,0,0,0,0,1,0,0,0,70,0,0,0,0,70, 1.7 ," 1,666,666.7 ",18.3," 831,552 ",0%, -   , -   , -   , -   , -   , -   , -   , -   , -   , -   , -   , -   , 1 , 101 , 6 , 10 
55035,WI,Wisconsin,Wisconsin,Eau Claire,"Metro - Counties in metro areas of fewer than 250,000 population",PURPLE,Yes,54%,3," 105,710 ", 638 ,12,0,3%,0," 1,253,932 "," 36,850 ", 12 , 0 , 128 , 1 , -   , 18 ," 1,934,493 ", -   , -   , -   , -   , -   , 101 ," 10,666,139 ",,0,0, -   , -   , 12 ," 36,850 ", -   , -   , -   , -   , -   , -   , -   , -   , -   , -   , -   , -   , -   , -   , -   , -   , -   , -   , -   , -   , -   , -   , -   , -   , -   ," 36,850 ", 12 ,34%,0,5,0,0,0,0,0,0,0,0,0,0,0,0,0,5,128,1,0,0,0,0,0,0,0,0,0,0,0,0,0,0,0,0,0,0, -   , -   ,18.3," 1,934,493 ",0%, -   , -   , -   , -   , -   , -   , -   , -   , -   , -   , -   , -   , -   , 101 , 15 , 64 
55037,WI,Wisconsin,Wisconsin,Florence,"Nonmetro - Urban population of fewer than 5,000, not adjacent to a metro area",RED,Yes,33%,9," 4,558 ", 488 ,12,12,98%,0," 54,067 "," 53,028 ", 18 , 0 , 70 , 1 , -   , 18 ," 83,411 ", -   , -   , 1 , 1 , 1 , 101 ," 459,902 ",,0,0, -   , -   , 18 ," 53,028 ", -   , -   , -   , -   , -   , -   , -   , -   , -   , -   , -   , -   , -   , -   , -   , -   , -   , -   , -   , -   , -   , -   , -   , -   , -   ," 53,028 ", 18 ,34%,0,7,0,0,0,0,0,0,0,0,0,0,0,0,0,7,70,1,0,0,0,0,0,0,0,0,0,0,0,0,0,0,0,0,0,0, -   , -   ,18.3," 83,411 ",0%, -   , 1 , -   , -   , -   , -   , -   , 1 , -   , -   , 1 , 1 , 1 , 101 , -   , -   
55039,WI,Wisconsin,Wisconsin,Fond du Lac,"Metro - Counties in metro areas of fewer than 250,000 population",RED,Yes,39%,3," 104,154 ", 720 ,12,6,54%,0," 1,235,475 "," 667,407 ", 216 , 0 , 144 , 3 , -   , 18 ," 1,906,018 ", -   , -   , 1 , 1 , 1 , 101 ," 10,509,139 ",,0,0, -   , -   , -   , -   , -   , -   , -   , -   , -   , -   , -   , -   , -   , -   , -   , 213 ," 652,751 ", -   , -   , 2 ," 12,614 ", 1 ," 2,041 ", -   , -   , -   , -   , -   , -   ," 667,407 ", 216 ,35%,0,0,0,0,0,0,0,0,2,0,2,1,0,0,0,5,144,3,0,0,0,0,0,0,0,0,0,0,0,0,0,0,0,0,0,0, -   , -   ,18.3," 1,906,018 ",0%, -   , -   , -   , -   , -   , 1 , -   , 1 , -   , -   , 1 , 1 , 1 , 101 , 5 , 32 
55041,WI,Wisconsin,Wisconsin,Forest,"Nonmetro - Urban population of fewer than 5,000, not adjacent to a metro area",PURPLE,Yes,45%,9," 9,179 "," 1,014 ",12,0,0%,0," 108,881 ", -   , -   , -   , -   , -   , -   , 18 ," 167,976 ", -   , -   , 1 , 1 , 1 , 101 ," 926,161 ",,0,0, -   , -   , -   , -   , -   , -   , -   , -   , -   , -   , -   , -   , -   , -   , -   , -   , -   , -   , -   , -   , -   , -   , -   , -   , -   , -   , -   , -   , -   , -   , -   ,0%,0,0,0,0,0,0,0,0,0,0,0,0,0,0,0,0,0,0,0,0,0,0,0,0,0,0,0,0,0,0,0,0,0,0,0,0, -   , -   ,18.3," 167,976 ",0%, -   , -   , -   , -   , -   , 1 , -   , 1 , -   , -   , 1 , 1 , 1 , 101 , -   , -   
55043,WI,Wisconsin,Wisconsin,Grant,"Nonmetro - Urban population of 5,000 to 20,000, adjacent to a metro area",PURPLE,Yes,50%,6," 51,938 "," 1,147 ",12,0,1%,0," 616,089 "," 8,164 ", 4 , 0 , 573 , 1 , -   , 18 ," 950,465 ", -   , -   , -   , -   , -   , 101 ," 5,240,544 ",,0,0, -   , -   , -   , -   , -   , -   , -   , -   , -   , -   , -   , -   , -   , -   , -   , -   , -   , -   , -   , -   , -   , 4 ," 8,164 ", -   , -   , -   , -   , -   , -   ," 8,164 ", 4 ,23%,0,0,0,0,0,0,0,0,0,0,0,2,0,0,0,2,573,1,0,0,0,0,0,0,0,0,0,0,0,0,0,0,0,0,0,0, -   , -   ,18.3," 950,465 ",0%, -   , -   , -   , -   , -   , -   , -   , -   , -   , -   , -   , -   , -   , 101 , 4 , 10 
55045,WI,Wisconsin,Wisconsin,Green,"Metro - Counties in metro areas of 250,000 to 1 million population",PURPLE,Yes,54%,2," 37,093 ", 584 ,12,0,0%,0," 439,997 ", -   , -   , -   , -   , -   ," 2,142,857 ", 18 ," 678,802 ", 3 , -   , 1 , 1 , 2 , 101 ," 3,742,684 ",,0,0, -   , -   , -   , -   , -   , -   , -   , -   , -   , -   , -   , -   , -   , -   , -   , -   , -   , -   , -   , -   , -   , -   , -   , -   , -   , -   , -   , -   , -   , -   , -   ,0%,0,0,0,0,0,0,0,0,0,0,0,0,0,0,0,0,0,0,0,0,0,1,0,0,0,0,1,0,0,0,90,0,0,0,0,90, 2.1 ," 2,142,857.1 ",18.3," 678,802 ",0%, -   , 1 , -   , -   , -   , -   , -   , 1 , -   , -   , 1 , 1 , 2 , 101 , 4 , 5 
55047,WI,Wisconsin,Wisconsin,Green Lake,"Nonmetro - Urban population of 5,000 to 20,000, adjacent to a metro area",RED,Yes,35%,6," 19,018 ", 350 ,12,1,7%,0," 225,592 "," 15,137 ", 2 , 1 , 117 , 1 , -   , 18 ," 348,029 ", -   , -   , -   , -   , -   , 101 ," 1,918,916 ",,0,0, -   , -   , -   , -   , -   , -   , -   , -   , -   , 2 ," 15,137 ", -   , -   , -   , -   , -   , -   , -   , -   , -   , -   , -   , -   , -   , -   , -   , -   , -   , -   ," 15,137 ", 2 ,72%,0,0,0,0,0,3,0,0,0,0,0,0,0,0,0,3,117,1,0,0,0,0,0,0,0,0,0,0,0,0,0,0,0,0,0,0, -   , -   ,18.3," 348,029 ",0%, -   , -   , -   , -   , -   , -   , -   , -   , -   , -   , -   , -   , -   , 101 , 1 , 2 
55049,WI,Wisconsin,Wisconsin,Iowa,"Metro - Counties in metro areas of 250,000 to 1 million population",PURPLE,Yes,59%,2," 23,709 ", 763 ,12,17,142%,0.24," 281,236 "," 398,142 ", 180 , 0 , 381 , 2 , -   , 18 ," 433,875 ", -   , -   , 1 , 1 , 1 , 101 ," 2,392,238 ",,0,0, -   , -   , -   , -   , -   , -   , -   , -   , -   , -   , -   , -   , -   , -   , -   , 30 ," 91,980 ", -   , -   , -   , -   , 150 ," 306,162 ", -   , -   , -   , -   , -   , -   ," 398,142 ", 180 ,25%,0,0,0,0,0,0,0,0,1,0,0,1,0,0,0,2,381,2,0,0,0,0,0,0,0,0,0,0,0,0,0,0,0,0,0,0, -   , -   ,18.3," 433,875 ",0%, -   , 1 , -   , -   , -   , -   , -   , 1 , -   , -   , 1 , 1 , 1 , 101 , 1 , 2 
55051,WI,Wisconsin,Wisconsin,Iron,"Nonmetro - Urban population of fewer than 5,000, not adjacent to a metro area",PURPLE,Yes,46%,9," 6,137 ", 758 ,12,1,7%,0," 72,797 "," 4,793 ", 2 , 0 , 379 , 1 , -   , 18 ," 112,307 ", -   , -   , 5 , 5 , 2 , 101 ," 619,223 ",,0,0, -   , -   , 2 ," 4,793 ", -   , -   , -   , -   , -   , -   , -   , -   , -   , -   , -   , -   , -   , -   , -   , -   , -   , -   , -   , -   , -   , -   , -   , -   , -   ," 4,793 ", 2 ,34%,0,2,0,0,0,0,0,0,0,0,0,0,0,0,0,2,379,1,1,0,0,0,0,0,0,0,0,0,0,5000,0,0,0,0,0,0, -   , -   ,18.3," 112,307 ",0%," 5,000 ", 5 , -   , -   , -   , -   , -   , 1 , -   , -   , 5 , 5 , 2 , 101 , -   , -   
55053,WI,Wisconsin,Wisconsin,Jackson,"Nonmetro - Urban population of fewer than 5,000, adjacent to a metro area",PURPLE,Yes,51%,8," 21,145 ", 988 ,12,1,8%,0," 250,822 "," 20,595 ", 8 , 0 , 247 , 2 , -   , 18 ," 386,954 ", -   , -   , 1 , 2 , 1 , 101 ," 2,133,531 ",,0,0, -   , -   , -   , -   , -   , -   , -   , -   , -   , -   , -   , -   , -   , -   , -   , -   , -   , -   , -   , 1 ," 6,307 ", 7 ," 14,288 ", -   , -   , -   , -   , -   , -   ," 20,595 ", 8 ,29%,0,0,0,0,0,0,0,0,0,0,1,3,0,0,0,4,247,2,0,0,0,0,0,0,0,0,0,0,0,0,0,0,0,0,0,0, -   , -   ,18.3," 386,954 ",0%, -   , -   , -   , -   , -   , 1 , -   , 1 , 1 , -   , 1 , 2 , 1 , 101 , 1 , 20 
55055,WI,Wisconsin,Wisconsin,Jefferson,"Nonmetro - Urban population of 20,000 or more, adjacent to a metro area",PURPLE,Yes,43%,4," 84,900 ", 556 ,12,0,4%,0," 1,007,084 "," 42,407 ", 7 , 1 , 62 , 2 ," 1,190,476 ", 18 ," 1,553,670 ", 1 , -   , 2 , 2 , 2 , 101 ," 8,566,410 ",,0,0, -   , -   , -   , -   , -   , -   , -   , -   , -   , 6 ," 40,366 ", -   , -   , -   , -   , -   , -   , -   , -   , -   , -   , 1 ," 2,041 ", -   , -   , -   , -   , -   , -   ," 42,407 ", 7 ,65%,0,0,0,0,0,8,0,0,0,0,0,1,0,0,0,9,62,2,0,0,0,1,0,0,0,0,1,0,0,0,50,0,0,0,0,50, 1.2 ," 1,190,476.2 ",18.3," 1,553,670 ",0%, -   , 2 , -   , -   , -   , -   , -   , 1 , -   , -   , 2 , 2 , 2 , 101 , 4 , 13 
55057,WI,Wisconsin,Wisconsin,Juneau,"Nonmetro - Urban population of fewer than 5,000, adjacent to a metro area",PURPLE,Yes,45%,8," 26,718 ", 767 ,12,3,22%,0," 316,929 "," 71,144 ", 26 , 0 , 110 , 2 ," 2,523,810 ", 18 ," 488,939 ", 5 , -   , -   , 1 , 1 , 101 ," 2,695,846 ",,0,0, -   , -   , 20 ," 59,918 ", -   , -   , -   , -   , -   , -   , -   , -   , -   , -   , -   , -   , -   , -   , -   , -   , -   , 6 ," 11,226 ", -   , -   , -   , -   , -   , -   ," 71,144 ", 26 ,32%,0,4,0,0,0,0,0,0,0,0,0,3,0,0,0,7,110,2,0,0,0,1,0,0,0,0,1,0,0,0,106,0,0,0,0,106, 2.5 ," 2,523,809.5 ",18.3," 488,939 ",0%, -   , -   , -   , -   , -   , -   , -   , -   , 1 , -   , -   , 1 , 1 , 101 , -   , 6 
55059,WI,Wisconsin,Wisconsin,Kenosha,"Metro - Counties in metro areas of fewer than 250,000 population",PURPLE,Yes,52%,3," 169,151 ", 272 ,12,0,3%,0," 2,006,469 "," 55,503 ", 9 , 1 , 25 , 1 , -   , 18 ," 3,095,463 ", -   , -   , -   , -   , 1 , 101 ," 17,067,336 ",,0,0, -   , -   , -   , -   , -   , -   , -   , -   , -   , 9 ," 55,503 ", -   , -   , -   , -   , -   , -   , -   , -   , -   , -   , -   , -   , -   , -   , -   , -   , -   , -   ," 55,503 ", 9 ,72%,0,0,0,0,0,11,0,0,0,0,0,0,0,0,0,11,25,1,1,0,0,0,0,0,0,0,0,0,0,50000,0,0,0,0,0,0, -   , -   ,18.3," 3,095,463 ",0%," 50,000 ", -   , -   , -   , -   , -   , -   , -   , -   , -   , -   , -   , 1 , 101 , 11 , 42 
55061,WI,Wisconsin,Wisconsin,Kewaunee,"Metro - Counties in metro areas of 250,000 to 1 million population",PURPLE,Yes,43%,2," 20,563 ", 342 ,12,3,22%,0," 243,918 "," 52,648 ", 14 , 0 , 86 , 2 , -   , 18 ," 376,303 ", -   , -   , 9 , 10 , 2 , 101 ," 2,074,807 ",,0,0, -   , -   , -   , -   , -   , -   , -   , -   , -   , -   , -   , -   , -   , -   , -   , 11 ," 33,726 ", -   , -   , 3 ," 18,922 ", -   , -   , -   , -   , -   , -   , -   , -   ," 52,648 ", 14 ,43%,0,0,0,0,0,0,0,0,1,0,3,0,0,0,0,4,86,2,0,0,0,0,0,0,0,0,0,0,0,0,0,0,0,0,0,0, -   , -   ,18.3," 376,303 ",0%, -   , 6 , -   , -   , -   , 3 , -   , 2 , 1 , -   , 9 , 10 , 2 , 101 , -   , 2 
55063,WI,Wisconsin,Wisconsin,La Crosse,"Metro - Counties in metro areas of fewer than 250,000 population",PURPLE,Yes,55%,3," 120,784 ", 452 ,12,1,10%,0," 1,432,740 "," 149,817 ", 32 , 0 , 151 , 2 , -   , 18 ," 2,210,347 ", -   , -   , 2 , 2 , 2 , 101 ," 12,187,106 ",,0,0, -   , -   , -   , -   , -   , -   , -   , -   , -   , 1 ," 6,938 ", -   , -   , -   , -   , -   , -   , -   , -   , -   , -   , -   , -   , -   , -   , -   , -   , 30 ," 142,879 "," 149,817 ", 32 ,3%,0,0,0,0,0,1,0,0,0,0,0,0,0,0,2,3,151,2,0,0,0,0,0,0,0,0,0,0,0,0,0,0,0,0,0,0, -   , -   ,18.3," 2,210,347 ",0%, -   , 1 , -   , -   , -   , 1 , -   , 2 , -   , -   , 2 , 2 , 2 , 101 , 10 , 45 
55065,WI,Wisconsin,Wisconsin,Lafayette,"Nonmetro - Urban population of fewer than 5,000, adjacent to a metro area",PURPLE,Yes,51%,8," 16,611 ", 634 ,12,18,152%,0.15," 197,040 "," 300,468 ", 98 , 0 , 634 , 1 , -   , 18 ," 303,981 ", -   , -   , 1 , 1 , 1 , 101 ," 1,676,050 ",,0,0, -   , -   , -   , -   , -   , -   , -   , -   , -   , -   , -   , -   , -   , -   , -   , 98 ," 300,468 ", -   , -   , -   , -   , -   , -   , -   , -   , -   , -   , -   , -   ," 300,468 ", 98 ,35%,0,0,0,0,0,0,0,0,1,0,0,0,0,0,0,1,634,1,0,0,0,0,0,0,0,0,0,0,0,0,0,0,0,0,0,0, -   , -   ,18.3," 303,981 ",0%, -   , 1 , -   , -   , -   , -   , -   , 1 , -   , -   , 1 , 1 , 1 , 101 , -   , -   
55067,WI,Wisconsin,Wisconsin,Langlade,"Nonmetro - Urban population of 5,000 to 20,000, adjacent to a metro area",PURPLE,Yes,41%,6," 19,491 ", 871 ,12,0,0%,0," 231,202 ", -   , -   , -   , -   , -   , -   , 18 ," 356,685 ", -   , -   , 1 , 1 , 1 , 101 ," 1,966,642 ",,0,0, -   , -   , -   , -   , -   , -   , -   , -   , -   , -   , -   , -   , -   , -   , -   , -   , -   , -   , -   , -   , -   , -   , -   , -   , -   , -   , -   , -   , -   , -   , -   ,0%,0,0,0,0,0,0,0,0,0,0,0,0,0,0,0,0,0,0,0,0,0,0,0,0,0,0,0,0,0,0,0,0,0,0,0,0, -   , -   ,18.3," 356,685 ",0%, -   , -   , -   , -   , -   , 1 , -   , 1 , -   , -   , 1 , 1 , 1 , 101 , 2 , 2 
55069,WI,Wisconsin,Wisconsin,Lincoln,"Nonmetro - Urban population of 5,000 to 20,000, adjacent to a metro area",PURPLE,Yes,46%,6," 28,415 ", 879 ,12,6,48%,0," 337,059 "," 161,570 ", 45 , 0 , 59 , 2 , -   , 18 ," 519,995 ", -   , -   , -   , 1 , -   , 101 ," 2,867,074 ",,0,0, -   , -   , 29 ," 87,780 ", -   , -   , -   , -   , -   , -   , -   , -   , -   , -   , -   , -   , -   , -   , -   , -   , -   , -   , -   , -   , -   , -   , -   , 16 ," 73,789 "," 161,570 ", 45 ,22%,0,13,0,0,0,0,0,0,0,0,0,0,0,0,2,15,59,2,0,0,0,0,0,0,0,0,0,0,0,0,0,0,0,0,0,0, -   , -   ,18.3," 519,995 ",0%, -   , -   , -   , -   , -   , -   , -   , -   , 1 , -   , -   , 1 , -   , 101 , 2 , 5 
55071,WI,Wisconsin,Wisconsin,Manitowoc,"Nonmetro - Urban population of 20,000 or more, adjacent to a metro area",PURPLE,Yes,44%,4," 81,359 ", 589 ,12,10,82%,1," 965,080 "," 794,343 ", 309 , 0 , 59 , 3 , -   , 18 ," 1,488,870 ", -   , -   , 1 , 1 , 1 , 101 ," 8,209,123 ",,0,0, -   , -   , -   , -   , -   , -   , -   , -   , -   , 5 ," 30,275 ", -   , -   , -   , -   , -   , -   , -   , -   , -   , -   , 250 ," 510,270 ", -   , -   , -   , -   , 54 ," 253,798 "," 794,343 ", 309 ,20%,0,0,0,0,0,6,0,0,0,0,0,2,0,0,2,10,59,3,0,0,0,0,0,0,0,0,0,0,0,0,0,0,0,0,0,0, -   , -   ,18.3," 1,488,870 ",0%, -   , -   , -   , -   , -   , 1 , -   , 1 , -   , -   , 1 , 1 , 1 , 101 , 4 , 13 
55073,WI,Wisconsin,Wisconsin,Marathon,"Metro - Counties in metro areas of fewer than 250,000 population",PURPLE,Yes,45%,3," 138,013 "," 1,545 ",12,3,25%,0," 1,637,110 "," 409,044 ", 90 , 0 , 110 , 3 , -   , 18 ," 2,525,638 ", -   , -   , -   , -   , 1 , 101 ," 13,925,512 ",,0,0, -   , -   , 10 ," 29,660 ", -   , -   , -   , -   , -   , 2 ," 15,137 ", -   , -   , -   , -   , -   , -   , -   , -   , -   , -   , -   , -   , -   , -   , -   , -   , 78 ," 364,248 "," 409,044 ", 90 ,6%,0,8,0,0,0,3,0,0,0,0,0,0,0,0,3,14,110,3,1,0,0,0,0,0,0,0,0,0,0,30000,0,0,0,0,0,0, -   , -   ,18.3," 2,525,638 ",0%," 30,000 ", -   , -   , -   , -   , -   , -   , -   , -   , -   , -   , -   , 1 , 101 , 9 , 17 
55075,WI,Wisconsin,Wisconsin,Marinette,"Nonmetro - Urban population of 5,000 to 20,000, adjacent to a metro area",PURPLE,Yes,42%,6," 41,872 "," 1,399 ",12,2,20%,0," 496,686 "," 98,865 ", 33 , 0 , 54 , 1 , -   , 18 ," 766,258 ", -   , -   , 4 , 4 , 3 , 101 ," 4,224,885 ",,0,0, -   , -   , 33 ," 98,865 ", -   , -   , -   , -   , -   , -   , -   , -   , -   , -   , -   , -   , -   , -   , -   , -   , -   , -   , -   , -   , -   , -   , -   , -   , -   ," 98,865 ", 33 ,34%,0,26,0,0,0,0,0,0,0,0,0,0,0,0,0,26,54,1,1,0,0,0,0,0,0,0,0,0,0,55000,0,0,0,0,0,0, -   , -   ,18.3," 766,258 ",0%," 55,000 ", 2 , -   , -   , -   , 2 , -   , 2 , -   , -   , 4 , 4 , 3 , 101 , 2 , 12 
55077,WI,Wisconsin,Wisconsin,Marquette,"Nonmetro - Urban population of fewer than 5,000, adjacent to a metro area",PURPLE,Yes,44%,8," 15,592 ", 456 ,12,0,0%,0," 184,952 ", -   , -   , -   , -   , -   , -   , 18 ," 285,334 ", -   , -   , -   , -   , -   , 101 ," 1,573,233 ",,0,0, -   , -   , -   , -   , -   , -   , -   , -   , -   , -   , -   , -   , -   , -   , -   , -   , -   , -   , -   , -   , -   , -   , -   , -   , -   , -   , -   , -   , -   , -   , -   ,0%,0,0,0,0,0,0,0,0,0,0,0,0,0,0,0,0,0,0,0,0,0,0,0,0,0,0,0,0,0,0,0,0,0,0,0,0, -   , -   ,18.3," 285,334 ",0%, -   , -   , -   , -   , -   , -   , -   , -   , -   , -   , -   , -   , -   , 101 , -   , -   
55078,WI,Wisconsin,Wisconsin,Menominee,"Nonmetro - Urban population of fewer than 5,000, not adjacent to a metro area",BLUE,Yes,82%,9," 4,255 ", 358 ,12,0,0%,0," 50,473 ", -   , -   , -   , -   , -   , -   , 18 ," 77,867 ", -   , -   , 2 , 2 , 2 , 101 ," 429,330 ",,0,0, -   , -   , -   , -   , -   , -   , -   , -   , -   , -   , -   , -   , -   , -   , -   , -   , -   , -   , -   , -   , -   , -   , -   , -   , -   , -   , -   , -   , -   , -   , -   ,0%,0,0,0,0,0,0,0,0,0,0,0,0,0,0,0,0,0,0,0,0,0,0,0,0,0,0,0,0,0,0,0,0,0,0,0,0, -   , -   ,18.3," 77,867 ",0%, -   , 1 , -   , -   , -   , 1 , -   , 2 , -   , -   , 2 , 2 , 2 , 101 , -   , -   
55079,WI,Wisconsin,Wisconsin,Milwaukee,Metro - Counties in metro areas of 1 million population or more,BLUE,Yes,65%,1," 939,489 ", 241 ,12,0,1%,0," 11,144,219 "," 157,606 ", 26 , 1 , 16 , 3 , -   , 18 ," 17,192,649 ", -   , -   , 1 , 2 , 1 , 101 ," 94,794,440 ",,0,0, -   , -   , -   , -   , -   , -   , -   , -   , -   , 18 ," 116,052 ", -   , -   , -   , -   , -   , -   , 6 ," 39,105 ", -   , -   , 1 ," 2,449 ", -   , -   , -   , -   , -   , -   ," 157,606 ", 26 ,70%,0,0,0,0,0,8,0,0,0,6,0,1,0,0,0,15,16,3,0,0,0,0,0,0,0,0,0,0,0,0,0,0,0,0,0,0, -   , -   ,18.3," 17,192,649 ",0%, -   , -   , -   , -   , -   , 1 , -   , 1 , 1 , -   , 1 , 2 , 1 , 101 , 23 , 227 
55081,WI,Wisconsin,Wisconsin,Monroe,"Nonmetro - Urban population of 20,000 or more, adjacent to a metro area",PURPLE,Yes,44%,4," 46,274 ", 901 ,12,0,4%,0," 548,902 "," 19,412 ", 7 , 0 , 450 , 2 , -   , 18 ," 846,814 ", -   , -   , -   , -   , -   , 101 ," 4,669,047 ",,0,0, -   , -   , -   , -   , -   , -   , -   , -   , -   , -   , -   , -   , -   , -   , -   , 5 ," 15,330 ", -   , -   , -   , -   , 2 ," 4,082 ", -   , -   , -   , -   , -   , -   ," 19,412 ", 7 ,32%,0,0,0,0,0,0,0,0,1,0,0,1,0,0,0,2,450,2,0,0,0,0,0,0,0,0,0,0,0,0,0,0,0,0,0,0, -   , -   ,18.3," 846,814 ",0%, -   , -   , -   , -   , -   , -   , -   , -   , -   , -   , -   , -   , -   , 101 , 7 , 22 
55083,WI,Wisconsin,Wisconsin,Oconto,"Metro - Counties in metro areas of 250,000 to 1 million population",PURPLE,Yes,40%,2," 38,965 ", 997 ,12,0,4%,0," 462,203 "," 18,590 ", 5 , 0 , 125 , 2 , -   , 18 ," 713,060 ", -   , -   , -   , -   , -   , 101 ," 3,931,569 ",,0,0, -   , -   , 4 ," 12,283 ", -   , -   , -   , -   , -   , -   , -   , -   , -   , -   , -   , -   , -   , -   , -   , 1 ," 6,307 ", -   , -   , -   , -   , -   , -   , -   , -   ," 18,590 ", 5 ,42%,0,7,0,0,0,0,0,0,0,0,1,0,0,0,0,8,125,2,0,0,0,0,0,0,0,0,0,0,0,0,0,0,0,0,0,0, -   , -   ,18.3," 713,060 ",0%, -   , -   , -   , -   , -   , -   , -   , -   , -   , -   , -   , -   , -   , 101 , 2 , 1 
55085,WI,Wisconsin,Wisconsin,Oneida,"Nonmetro - Urban population of 5,000 to 20,000, not adjacent to a metro area",PURPLE,Yes,46%,7," 37,845 "," 1,114 ",12,1,6%,0," 448,917 "," 26,393 ", 11 , 0 , 159 , 2 , -   , 18 ," 692,564 ", -   , 1 , -   , 1 , -   , 101 ," 3,818,561 ",,0,0, -   , -   , 4 ," 11,085 ", -   , -   , -   , -   , -   , -   , -   , -   , -   , -   , -   , -   , -   , -   , -   , -   , -   , 8 ," 15,308 ", -   , -   , -   , -   , -   , -   ," 26,393 ", 11 ,27%,0,6,0,0,0,0,0,0,0,0,0,1,0,0,0,7,159,2,0,0,0,0,0,0,0,0,0,0,0,0,0,0,0,0,0,0, -   , -   ,18.3," 692,564 ",0%, -   , -   , -   , -   , -   , -   , -   , -   , -   , 1 , -   , 1 , -   , 101 , 3 , 18 
55087,WI,Wisconsin,Wisconsin,Outagamie,"Metro - Counties in metro areas of fewer than 250,000 population",PURPLE,Yes,46%,3," 190,705 ", 638 ,12,1,11%,0," 2,262,143 "," 240,700 ", 62 , 0 , 29 , 2 , -   , 18 ," 3,489,902 ", -   , -   , -   , -   , -   , 101 ," 19,242,135 ",,0,0, -   , -   , 29 ," 87,481 ", -   , -   , -   , -   , -   , -   , -   , -   , -   , -   , -   , -   , -   , -   , -   , -   , -   , -   , -   , -   , -   , -   , -   , 33 ," 153,219 "," 240,700 ", 62 ,16%,0,19,0,0,0,0,0,0,0,0,0,0,0,0,3,22,29,2,0,0,0,0,0,0,0,0,0,0,0,0,0,0,0,0,0,0, -   , -   ,18.3," 3,489,902 ",0%, -   , -   , -   , -   , -   , -   , -   , -   , -   , -   , -   , -   , -   , 101 , 16 , 46 
55089,WI,Wisconsin,Wisconsin,Ozaukee,Metro - Counties in metro areas of 1 million population or more,RED,Yes,37%,1," 91,503 ", 233 ,12,0,0%,0," 1,085,409 ", -   , -   , -   , -   , -   , -   , 18 ," 1,674,505 ", -   , -   , 2 , 3 , 1 , 101 ," 9,232,653 ",,0,0, -   , -   , -   , -   , -   , -   , -   , -   , -   , -   , -   , -   , -   , -   , -   , -   , -   , -   , -   , -   , -   , -   , -   , -   , -   , -   , -   , -   , -   , -   , -   ,0%,0,0,0,0,0,0,0,0,0,0,0,0,0,0,0,0,0,0,0,0,0,0,0,0,0,0,0,0,0,0,0,0,0,0,0,0, -   , -   ,18.3," 1,674,505 ",0%, -   , -   , -   , -   , -   , 2 , -   , 1 , 1 , -   , 2 , 3 , 1 , 101 , 5 , 7 
55091,WI,Wisconsin,Wisconsin,Pepin,"Nonmetro - Urban population of fewer than 5,000, adjacent to a metro area",PURPLE,Yes,47%,8," 7,318 ", 232 ,12,0,0%,0," 86,806 ", -   , -   , -   , -   , -   , -   , 18 ," 133,919 ", -   , -   , -   , 1 , -   , 101 ," 738,386 ",,0,0, -   , -   , -   , -   , -   , -   , -   , -   , -   , -   , -   , -   , -   , -   , -   , -   , -   , -   , -   , -   , -   , -   , -   , -   , -   , -   , -   , -   , -   , -   , -   ,0%,0,0,0,0,0,0,0,0,0,0,0,0,0,0,0,0,0,0,0,0,0,0,0,0,0,0,0,0,0,0,0,0,0,0,0,0, -   , -   ,18.3," 133,919 ",0%, -   , -   , -   , -   , -   , -   , -   , -   , 1 , -   , -   , 1 , -   , 101 , -   , -   
55093,WI,Wisconsin,Wisconsin,Pierce,Metro - Counties in metro areas of 1 million population or more,PURPLE,Yes,47%,1," 42,212 ", 574 ,12,0,0%,0," 500,719 ", -   , -   , -   , -   , -   , -   , 18 ," 772,480 ", -   , 1 , 2 , 3 , 1 , 101 ," 4,259,191 ",,0,0, -   , -   , -   , -   , -   , -   , -   , -   , -   , -   , -   , -   , -   , -   , -   , -   , -   , -   , -   , -   , -   , -   , -   , -   , -   , -   , -   , -   , -   , -   , -   ,0%,0,0,0,0,0,0,0,0,0,0,0,0,0,0,0,0,0,0,0,0,0,0,0,0,0,0,0,0,0,0,0,0,0,0,0,0, -   , -   ,18.3," 772,480 ",0%, -   , -   , -   , -   , -   , 2 , -   , 1 , -   , 1 , 2 , 3 , 1 , 101 , 3 , 4 
55095,WI,Wisconsin,Wisconsin,Polk,"Nonmetro - Urban population of fewer than 5,000, adjacent to a metro area",PURPLE,Yes,42%,8," 44,977 ", 914 ,12,2,17%,0," 533,517 "," 91,729 ", 27 , 0 , 83 , 3 , -   , 18 ," 823,079 ", -   , -   , 7 , 7 , 1 , 101 ," 4,538,179 ",,0,0, -   , -   , 23 ," 69,505 ", -   , -   , -   , -   , -   , -   , -   , -   , -   , -   , -   , -   , -   , 3 ," 20,183 ", -   , -   , 1 ," 2,041 ", -   , -   , -   , -   , -   , -   ," 91,729 ", 27 ,38%,0,8,0,0,0,0,0,0,0,2,0,1,0,0,0,11,83,3,0,0,0,0,0,0,0,0,0,0,0,0,0,0,0,0,0,0, -   , -   ,18.3," 823,079 ",0%, -   , 7 , -   , -   , -   , -   , -   , 1 , -   , -   , 7 , 7 , 1 , 101 , 1 , 7 
55097,WI,Wisconsin,Wisconsin,Portage,"Nonmetro - Urban population of 20,000 or more, adjacent to a metro area",PURPLE,Yes,54%,4," 70,377 ", 801 ,12,1,7%,0," 834,812 "," 57,537 ", 18 , 0 , 38 , 2 , -   , 18 ," 1,287,899 ", -   , -   , 1 , 1 , 1 , 101 ," 7,101,039 ",,0,0, -   , -   , 17 ," 51,230 ", -   , -   , -   , -   , -   , -   , -   , -   , -   , -   , -   , -   , -   , -   , -   , 1 ," 6,307 ", -   , -   , -   , -   , -   , -   , -   , -   ," 57,537 ", 18 ,36%,0,20,0,0,0,0,0,0,0,0,1,0,0,0,0,21,38,2,0,0,0,0,0,0,0,0,0,0,0,0,0,0,0,0,0,0, -   , -   ,18.3," 1,287,899 ",0%, -   , -   , -   , -   , -   , 1 , -   , 1 , -   , -   , 1 , 1 , 1 , 101 , 6 , 29 
55099,WI,Wisconsin,Wisconsin,Price,"Nonmetro - Urban population of fewer than 5,000, not adjacent to a metro area",PURPLE,Yes,45%,9," 14,054 "," 1,254 ",12,1,8%,0," 166,709 "," 13,192 ", 5 , 0 , 209 , 2 , -   , 18 ," 257,188 ", -   , -   , -   , -   , -   , 101 ," 1,418,049 ",,0,0, -   , -   , 3 ," 8,089 ", -   , -   , -   , -   , -   , -   , -   , -   , -   , -   , -   , -   , -   , -   , -   , -   , -   , 3 ," 5,103 ", -   , -   , -   , -   , -   , -   ," 13,192 ", 5 ,29%,0,5,0,0,0,0,0,0,0,0,0,1,0,0,0,6,209,2,0,0,0,0,0,0,0,0,0,0,0,0,0,0,0,0,0,0, -   , -   ,18.3," 257,188 ",0%, -   , -   , -   , -   , -   , -   , -   , -   , -   , -   , -   , -   , -   , 101 , -   , 4 
55101,WI,Wisconsin,Wisconsin,Racine,"Metro - Counties in metro areas of fewer than 250,000 population",PURPLE,Yes,49%,3," 197,727 ", 333 ,12,0,1%,0," 2,345,438 "," 31,273 ", 7 , 1 , 111 , 2 , -   , 18 ," 3,618,404 ", -   , -   , -   , -   , -   , 101 ," 19,950,654 ",,0,0, -   , -   , -   , -   , -   , -   , -   , -   , -   , 4 ," 22,075 ", -   , -   , -   , -   , 3 ," 9,198 ", -   , -   , -   , -   , -   , -   , -   , -   , -   , -   , -   , -   ," 31,273 ", 7 ,55%,0,0,0,0,0,1,0,0,2,0,0,0,0,0,0,3,111,2,0,0,0,0,0,0,0,0,0,0,0,0,0,0,0,0,0,0, -   , -   ,18.3," 3,618,404 ",0%, -   , -   , -   , -   , -   , -   , -   , -   , -   , -   , -   , -   , -   , 101 , 9 , 25 
55103,WI,Wisconsin,Wisconsin,Richland,"Nonmetro - Urban population of fewer than 5,000, adjacent to a metro area",PURPLE,Yes,50%,8," 17,304 ", 586 ,12,7,55%,0," 205,260 "," 113,407 ", 52 , 0 , 195 , 2 , -   , 18 ," 316,663 ", -   , -   , 1 , 1 , 1 , 101 ," 1,745,974 ",,0,0, -   , -   , -   , -   , -   , -   , -   , -   , -   , -   , -   , -   , -   , -   , -   , -   , -   , 2 ," 11,353 ", -   , -   , 50 ," 102,054 ", -   , -   , -   , -   , -   , -   ," 113,407 ", 52 ,25%,0,0,0,0,0,0,0,0,0,2,0,1,0,0,0,3,195,2,0,0,0,0,0,0,0,0,0,0,0,0,0,0,0,0,0,0, -   , -   ,18.3," 316,663 ",0%, -   , -   , -   , -   , -   , 1 , -   , 1 , -   , -   , 1 , 1 , 1 , 101 , 1 , 1 
55105,WI,Wisconsin,Wisconsin,Rock,"Metro - Counties in metro areas of fewer than 250,000 population",PURPLE,Yes,58%,3," 163,687 ", 718 ,12,1,7%,0," 1,941,655 "," 134,243 ", 60 , 0 , 120 , 2 ," 1,452,381 ", 18 ," 2,995,472 ", 0 , -   , 6 , 6 , 3 , 101 ," 16,516,018 ",,0,0, -   , -   , -   , -   , -   , -   , -   , -   , -   , 3 ," 18,922 ", -   , -   , -   , -   , -   , -   , -   , -   , -   , -   , 57 ," 115,321 ", -   , -   , -   , -   , -   , -   ," 134,243 ", 60 ,26%,0,0,0,0,0,3,0,0,0,0,0,3,0,0,0,6,120,2,0,0,0,1,0,0,0,0,1,0,0,0,61,0,0,0,0,61, 1.5 ," 1,452,381.0 ",18.3," 2,995,472 ",0%, -   , 4 , -   , -   , -   , 2 , -   , 2 , -   , -   , 6 , 6 , 3 , 101 , 13 , 41 
55107,WI,Wisconsin,Wisconsin,Rusk,"Nonmetro - Urban population of fewer than 5,000, adjacent to a metro area",PURPLE,Yes,42%,8," 14,188 ", 914 ,12,9,75%,0," 168,298 "," 125,583 ", 39 , 0 , 57 , 3 , -   , 18 ," 259,640 ", -   , 1 , 2 , 3 , 2 , 101 ," 1,431,569 ",,0,0, -   , -   , 35 ," 103,359 ", -   , -   , -   , -   , -   , 3 ," 20,183 ", -   , -   , -   , -   , -   , -   , -   , -   , -   , -   , 1 ," 2,041 ", -   , -   , -   , -   , -   , -   ," 125,583 ", 39 ,37%,0,11,0,0,0,4,0,0,0,0,0,1,0,0,0,16,57,3,1,0,0,0,0,0,0,0,0,0,0,90000,0,0,0,0,0,0, -   , -   ,18.3," 259,640 ",0%," 90,000 ", -   , -   , -   , -   , 2 , -   , 1 , -   , 1 , 2 , 3 , 2 , 101 , 1 , 5 
55109,WI,Wisconsin,Wisconsin,Sauk,Metro - Counties in metro areas of 1 million population or more,PURPLE,Yes,43%,1," 93,536 ", 722 ,12,0,1%,0," 1,109,524 "," 11,681 ", 5 , 0 , 181 , 2 , -   , 18 ," 1,711,709 ", -   , 1 , 1 , 2 , 1 , 101 ," 9,437,782 ",,0,0, -   , -   , 2 ," 7,190 ", -   , -   , -   , -   , -   , -   , -   , -   , -   , -   , -   , -   , -   , -   , -   , -   , -   , 2 ," 4,490 ", -   , -   , -   , -   , -   , -   ," 11,681 ", 5 ,29%,0,3,0,0,0,0,0,0,0,0,0,1,0,0,0,4,181,2,0,0,0,0,0,0,0,0,0,0,0,0,0,0,0,0,0,0, -   , -   ,18.3," 1,711,709 ",0%, -   , -   , -   , -   , -   , 1 , -   , 1 , -   , 1 , 1 , 2 , 1 , 101 , 7 , 22 
55111,WI,Wisconsin,Wisconsin,Sawyer,"Nonmetro - Urban population of 20,000 or more, adjacent to a metro area",PURPLE,Yes,53%,4," 65,763 ", 832 ,12,2,13%,0," 780,081 "," 100,064 ", 33 , 0 , 104 , 1 , -   , 18 ," 1,203,463 ", -   , -   , -   , -   , -   , 101 ," 6,635,487 ",,0,0, -   , -   , 33 ," 100,064 ", -   , -   , -   , -   , -   , -   , -   , -   , -   , -   , -   , -   , -   , -   , -   , -   , -   , -   , -   , -   , -   , -   , -   , -   , -   ," 100,064 ", 33 ,34%,0,8,0,0,0,0,0,0,0,0,0,0,0,0,0,8,104,1,0,0,0,0,0,0,0,0,0,0,0,0,0,0,0,0,0,0, -   , -   ,18.3," 1,203,463 ",0%, -   , -   , -   , -   , -   , -   , -   , -   , -   , -   , -   , -   , -   , 101 , 8 , 41 
55113,WI,Wisconsin,Wisconsin,Shawano,"Nonmetro - Urban population of fewer than 5,000, not adjacent to a metro area",PURPLE,Yes,45%,9," 18,074 "," 1,258 ",12,1,7%,0," 214,394 "," 14,380 ", 5 , 0 , 210 , 1 , -   , 18 ," 330,754 ", -   , -   , -   , -   , -   , 101 ," 1,823,667 ",,0,0, -   , -   , 5 ," 14,380 ", -   , -   , -   , -   , -   , -   , -   , -   , -   , -   , -   , -   , -   , -   , -   , -   , -   , -   , -   , -   , -   , -   , -   , -   , -   ," 14,380 ", 5 ,34%,0,6,0,0,0,0,0,0,0,0,0,0,0,0,0,6,210,1,0,0,0,0,0,0,0,0,0,0,0,0,0,0,0,0,0,0, -   , -   ,18.3," 330,754 ",0%, -   , -   , -   , -   , -   , -   , -   , -   , -   , -   , -   , -   , -   , 101 , -   , 2 
55115,WI,Wisconsin,Wisconsin,Sheboygan,"Nonmetro - Urban population of 5,000 to 20,000, adjacent to a metro area",PURPLE,Yes,40%,6," 40,881 ", 893 ,12,0,0%,0," 484,930 ", -   , -   , -   , -   , -   , -   , 18 ," 748,122 ", -   , -   , 2 , 2 , 1 , 101 ," 4,124,893 ",,0,0, -   , -   , -   , -   , -   , -   , -   , -   , -   , -   , -   , -   , -   , -   , -   , -   , -   , -   , -   , -   , -   , -   , -   , -   , -   , -   , -   , -   , -   , -   , -   ,0%,0,0,0,0,0,0,0,0,0,0,0,0,0,0,0,0,0,0,0,0,0,0,0,0,0,0,0,0,0,0,0,0,0,0,0,0, -   , -   ,18.3," 748,122 ",0%, -   , -   , -   , -   , -   , 2 , -   , 1 , -   , -   , 2 , 2 , 1 , 101 , -   , 8 
55117,WI,Wisconsin,Wisconsin,St. Croix,"Metro - Counties in metro areas of fewer than 250,000 population",PURPLE,Yes,43%,3," 118,034 ", 512 ,12,0,0%,0," 1,400,119 "," 6,531 ", 3 , 0 , 256 , 1 , -   , 18 ," 2,160,022 ", -   , -   , 1 , 1 , 1 , 101 ," 11,909,631 ",,0,0, -   , -   , -   , -   , -   , -   , -   , -   , -   , -   , -   , -   , -   , -   , -   , -   , -   , -   , -   , -   , -   , 3 ," 6,531 ", -   , -   , -   , -   , -   , -   ," 6,531 ", 3 ,23%,0,0,0,0,0,0,0,0,0,0,0,2,0,0,0,2,256,1,0,0,0,0,0,0,0,0,0,0,0,0,0,0,0,0,0,0, -   , -   ,18.3," 2,160,022 ",0%, -   , -   , -   , -   , -   , 1 , -   , 1 , -   , -   , 1 , 1 , 1 , 101 , 5 , 16 
55119,WI,Wisconsin,Wisconsin,Taylor,"Nonmetro - Urban population of fewer than 5,000, adjacent to a metro area",RED,Yes,36%,8," 19,913 ", 975 ,12,0,2%,0," 236,208 "," 4,082 ", 2 , 0 , 975 , 1 , -   , 18 ," 364,408 ", -   , -   , 1 , 1 , 1 , 101 ," 2,009,222 ",,0,0, -   , -   , -   , -   , -   , -   , -   , -   , -   , -   , -   , -   , -   , -   , -   , -   , -   , -   , -   , -   , -   , 2 ," 4,082 ", -   , -   , -   , -   , -   , -   ," 4,082 ", 2 ,23%,0,0,0,0,0,0,0,0,0,0,0,1,0,0,0,1,975,1,0,0,0,0,0,0,0,0,0,0,0,0,0,0,0,0,0,0, -   , -   ,18.3," 364,408 ",0%, -   , 1 , -   , -   , -   , -   , -   , 1 , -   , -   , 1 , 1 , 1 , 101 , 1 , 1 
55121,WI,Wisconsin,Wisconsin,Trempealeau,"Nonmetro - Urban population of fewer than 5,000, adjacent to a metro area",PURPLE,Yes,52%,8," 30,760 ", 733 ,12,0,3%,0," 364,875 "," 10,205 ", 5 , 0 , 733 , 1 , -   , 18 ," 562,908 ", -   , -   , 1 , 1 , 1 , 101 ," 3,103,684 ",,0,0, -   , -   , -   , -   , -   , -   , -   , -   , -   , -   , -   , -   , -   , -   , -   , -   , -   , -   , -   , -   , -   , 5 ," 10,205 ", -   , -   , -   , -   , -   , -   ," 10,205 ", 5 ,23%,0,0,0,0,0,0,0,0,0,0,0,1,0,0,0,1,733,1,0,0,0,0,0,0,0,0,0,0,0,0,0,0,0,0,0,0, -   , -   ,18.3," 562,908 ",0%, -   , -   , -   , -   , -   , 1 , -   , 1 , -   , -   , 1 , 1 , 1 , 101 , -   , 2 
55123,WI,Wisconsin,Wisconsin,Vernon,"Metro - Counties in metro areas of fewer than 250,000 population",PURPLE,Yes,52%,3," 30,714 ", 792 ,12,0,3%,0," 364,329 "," 10,593 ", 3 , 0 , 264 , 2 , -   , 18 ," 562,066 ", -   , -   , 1 , 1 , 1 , 101 ," 3,099,043 ",,0,0, -   , -   , -   , -   , -   , -   , -   , -   , -   , -   , -   , -   , -   , -   , -   , -   , -   , -   , -   , 1 ," 6,307 ", 2 ," 4,286 ", -   , -   , -   , -   , -   , -   ," 10,593 ", 3 ,39%,0,0,0,0,0,0,0,0,0,0,1,2,0,0,0,3,264,2,0,0,0,0,0,0,0,0,0,0,0,0,0,0,0,0,0,0, -   , -   ,18.3," 562,066 ",0%, -   , -   , -   , -   , -   , 1 , -   , 1 , -   , -   , 1 , 1 , 1 , 101 , 2 , 8 
55125,WI,Wisconsin,Wisconsin,Vilas,"Nonmetro - Urban population of fewer than 5,000, not adjacent to a metro area",PURPLE,Yes,40%,9," 23,047 ", 858 ,12,0,0%,0," 273,384 ", -   , -   , -   , -   , -   , -   , 18 ," 421,760 ", -   , -   , 2 , 2 , 1 , 101 ," 2,325,442 ",,0,0, -   , -   , -   , -   , -   , -   , -   , -   , -   , -   , -   , -   , -   , -   , -   , -   , -   , -   , -   , -   , -   , -   , -   , -   , -   , -   , -   , -   , -   , -   , -   ,0%,0,0,0,0,0,0,0,0,0,0,0,0,0,0,0,0,0,0,0,0,0,0,0,0,0,0,0,0,0,0,0,0,0,0,0,0, -   , -   ,18.3," 421,760 ",0%, -   , -   , -   , -   , -   , 2 , -   , 1 , -   , -   , 2 , 2 , 1 , 101 , 1 , -   
55127,WI,Wisconsin,Wisconsin,Walworth,"Nonmetro - Urban population of 20,000 or more, adjacent to a metro area",PURPLE,Yes,41%,4," 106,478 ", 555 ,12,0,0%,0," 1,263,042 ", -   , -   , -   , -   , -   , -   , 18 ," 1,948,547 ", -   , -   , -   , -   , -   , 101 ," 10,743,630 ",,0,0, -   , -   , -   , -   , -   , -   , -   , -   , -   , -   , -   , -   , -   , -   , -   , -   , -   , -   , -   , -   , -   , -   , -   , -   , -   , -   , -   , -   , -   , -   , -   ,0%,0,0,0,0,0,0,0,0,0,0,0,0,0,0,0,0,0,0,0,0,0,0,0,0,0,0,0,0,0,0,0,0,0,0,0,0, -   , -   ,18.3," 1,948,547 ",0%, -   , -   , -   , -   , -   , -   , -   , -   , -   , -   , -   , -   , -   , 101 , 3 , 21 
55129,WI,Wisconsin,Wisconsin,Washburn,"Nonmetro - Urban population of fewer than 5,000, adjacent to a metro area",PURPLE,Yes,44%,8," 16,623 ", 797 ,12,0,4%,0," 197,182 "," 7,677 ", 3 , 0 , 266 , 2 , -   , 18 ," 304,201 ", -   , -   , -   , -   , -   , 101 ," 1,677,261 ",,0,0, -   , -   , 1 ," 3,595 ", -   , -   , -   , -   , -   , -   , -   , -   , -   , -   , -   , -   , -   , -   , -   , -   , -   , 2 ," 4,082 ", -   , -   , -   , -   , -   , -   ," 7,677 ", 3 ,27%,0,2,0,0,0,0,0,0,0,0,0,1,0,0,0,3,266,2,0,0,0,0,0,0,0,0,0,0,0,0,0,0,0,0,0,0, -   , -   ,18.3," 304,201 ",0%, -   , -   , -   , -   , -   , -   , -   , -   , -   , -   , -   , -   , -   , 101 , -   , 7 
55131,WI,Wisconsin,Wisconsin,Washington,Metro - Counties in metro areas of 1 million population or more,RED,Yes,30%,1," 136,761 ", 431 ,12,1,5%,0," 1,622,259 "," 80,732 ", 13 , 1 , 108 , 1 , -   , 18 ," 2,502,726 ", -   , -   , -   , -   , -   , 101 ," 13,799,185 ",,0,0, -   , -   , -   , -   , -   , -   , -   , -   , -   , 13 ," 80,732 ", -   , -   , -   , -   , -   , -   , -   , -   , -   , -   , -   , -   , -   , -   , -   , -   , -   , -   ," 80,732 ", 13 ,72%,0,0,0,0,0,4,0,0,0,0,0,0,0,0,0,4,108,1,0,0,0,0,0,0,0,0,0,0,0,0,0,0,0,0,0,0, -   , -   ,18.3," 2,502,726 ",0%, -   , -   , -   , -   , -   , -   , -   , -   , -   , -   , -   , -   , -   , 101 , 13 , 6 
55133,WI,Wisconsin,Wisconsin,Waukesha,Metro - Counties in metro areas of 1 million population or more,RED,Yes,34%,1," 406,978 ", 550 ,12,0,0%,0," 4,827,573 ", -   , -   , -   , -   , -   , -   , 18 ," 7,447,697 ", -   , -   , 2 , 2 , 2 , 101 ," 41,064,080 ",,0,0, -   , -   , -   , -   , -   , -   , -   , -   , -   , -   , -   , -   , -   , -   , -   , -   , -   , -   , -   , -   , -   , -   , -   , -   , -   , -   , -   , -   , -   , -   , -   ,0%,0,0,0,0,0,0,0,0,0,0,0,0,0,0,0,0,0,0,0,0,0,0,0,0,0,0,0,0,0,0,0,0,0,0,0,0, -   , -   ,18.3," 7,447,697 ",0%, -   , 1 , -   , -   , -   , 1 , -   , 2 , -   , -   , 2 , 2 , 2 , 101 , 27 , 77 
55135,WI,Wisconsin,Wisconsin,Waupaca,"Nonmetro - Urban population of 5,000 to 20,000, adjacent to a metro area",RED,Yes,39%,6," 51,812 ", 748 ,12,0,0%,0," 614,594 ", -   , -   , -   , -   , -   , -   , 18 ," 948,160 ", -   , -   , -   , -   , -   , 101 ," 5,227,831 ",,0,0, -   , -   , -   , -   , -   , -   , -   , -   , -   , -   , -   , -   , -   , -   , -   , -   , -   , -   , -   , -   , -   , -   , -   , -   , -   , -   , -   , -   , -   , -   , -   ,0%,0,0,0,0,0,0,0,0,0,0,0,0,0,0,0,0,0,0,0,0,0,0,0,0,0,0,0,0,0,0,0,0,0,0,0,0, -   , -   ,18.3," 948,160 ",0%, -   , -   , -   , -   , -   , -   , -   , -   , -   , -   , -   , -   , -   , 101 , 3 , 5 
55137,WI,Wisconsin,Wisconsin,Waushara,"Nonmetro - Urban population of fewer than 5,000, adjacent to a metro area",PURPLE,Yes,40%,8," 24,520 ", 626 ,12,0,0%,0," 290,856 ", -   , -   , -   , -   , -   , -   , 18 ," 448,716 ", -   , -   , 2 , 2 , 1 , 101 ," 2,474,068 ",,0,0, -   , -   , -   , -   , -   , -   , -   , -   , -   , -   , -   , -   , -   , -   , -   , -   , -   , -   , -   , -   , -   , -   , -   , -   , -   , -   , -   , -   , -   , -   , -   ,0%,0,0,0,0,0,0,0,0,0,0,0,0,0,0,0,0,0,0,0,0,0,0,0,0,0,0,0,0,0,0,0,0,0,0,0,0, -   , -   ,18.3," 448,716 ",0%, -   , -   , -   , -   , -   , 2 , -   , 1 , -   , -   , 2 , 2 , 1 , 101 , 1 , 1 
55139,WI,Wisconsin,Wisconsin,Winnebago,"Metro - Counties in metro areas of fewer than 250,000 population",PURPLE,Yes,48%,3," 171,730 ", 435 ,12,0,1%,0," 2,037,061 "," 28,382 ", 5 , 1 , 87 , 2 ," 1,523,810 ", 18 ," 3,142,659 ", 0 , -   , 1 , 1 , 2 , 101 ," 17,327,557 ",,0,0, -   , -   , -   , -   , -   , -   , -   , -   , -   , 3 ," 15,768 ", -   , -   , -   , -   , -   , -   , -   , -   , 2 ," 12,614 ", -   , -   , -   , -   , -   , -   , -   , -   ," 28,382 ", 5 ,72%,0,0,0,0,0,3,0,0,0,0,2,0,0,0,0,5,87,2,0,0,0,1,0,0,0,0,1,0,0,0,64,0,0,0,0,64, 1.5 ," 1,523,809.5 ",18.3," 3,142,659 ",0%, -   , -   , -   , -   , -   , 1 , -   , 1 , -   , -   , 1 , 1 , 2 , 101 , 12 , 21 
55141,WI,Wisconsin,Wisconsin,Wood,"Nonmetro - Urban population of 20,000 or more, adjacent to a metro area",PURPLE,Yes,45%,4," 74,207 ", 793 ,12,11,90%,0," 880,243 "," 788,744 ", 261 , 0 , 20 , 4 , -   , 18 ," 1,357,988 ", -   , -   , 2 , 3 , 1 , 101 ," 7,487,486 ",,0,0, -   , -   , 25 ," 74,898 ", -   , -   , -   , -   , -   , -   , -   , -   , -   , -   , -   , -   , -   , -   , -   , 1 ," 6,307 ", 150 ," 306,162 ", -   , -   , -   , -   , 85 ," 401,377 "," 788,744 ", 261 ,17%,0,35,0,0,0,0,0,0,0,0,1,1,0,0,3,40,20,4,0,0,0,0,0,0,0,0,0,0,0,0,0,0,0,0,0,0, -   , -   ,18.3," 1,357,988 ",0%, -   , -   , -   , -   , -   , 2 , -   , 1 , 1 , -   , 2 , 3 , 1 , 101 , 5 , 21 